English,Spanish
the,la
of,de
and,y
to,a
i,i
that,que
was,estaba
his,su
he,él
it,eso
with,con
is,es
for,por
as,como
had,tenido
you,tú
not,no
be,ser
her,su
on,en
at,a
by,por
which,cual
have,tener
or,o
from,de
this,este
him,a él
but,pero
all,todos
she,ella
they,ellos
were,fueron
my,mi
are,son
me,yo
one,una
their,sus
so,asi que
an,un
said,dijo
them,a ellos
we,nosotros
who,quién
would,haría
been,estado
will,voluntad
no,no
when,cuando
there,allá
if,si
more,más
out,afuera
up,arriba
into,dentro
do,hacer
any,ningún
your,su
what,qué
has,posee
man,hombre
could,pudo
other,otro
than,que
our,nuestro
some,alguno
very,muy
time,tiempo
upon,al
about,sobre
may,mayo
its,su
only,solamente
now,ahora
like,me gusta
little,poco
then,después
can,pueden
should,debería
made,hecha
did,hizo
us,a nosotros
such,tal
a,a
great,estupendo
before,antes de
must,deber
two,dos
these,estas
see,ver
know,saber
over,sobre
much,mucho
down,abajo
after,después
first,primero
Mr,Señor
good,bueno
men,hombres
own,propio
never,nunca
most,la mayoría
old,antiguo
shall,deberá
day,día
where,dónde
those,aquellos
came,vino
come,venir
himself,él mismo
way,camino
work,trabajar
life,vida
without,sin que
go,Vamos
make,hacer
well,bien
through,mediante
being,siendo
long,largo
say,decir
might,puede que
how,cómo
am,soy
too,también
even,incluso
def,defectuoso
again,otra vez
many,muchos
back,espalda
here,aquí
think,pensar
every,cada
people,gente
went,se fue
same,mismo
last,ultimo
thought,pensamiento
away,lejos
under,por debajo
take,tomar
found,fundar
hand,mano
eyes,ojos
still,todavía
place,lugar
while,tiempo
just,sólo
also,además
young,joven
yet,aún
though,aunque
against,contra
things,cosas
get,obtener
ever,alguna vez
give,dar
god,dios
years,años
off,apagado
face,cara
nothing,nada
right,Correcto
once,una vez
another,otro
left,izquierda
part,parte
saw,sierra
house,casa
world,mundo
head,cabeza
three,Tres
took,tomó
new,nuevo
love,amor
always,siempre
Mrs,Sra
put,poner
night,noche
each,cada
king,rey
between,Entre
tell,decir
mind,mente
heart,corazón
few,pocos
because,porque
thing,cosa
whom,quién
far,lejos
seemed,pareció
looked,mirado
called,llamó
whole,entero
de,Delaware
set,establecer
both,ambas cosas
got,obtuvo
find,encontrar
done,hecho
heard,Escuchó
look,Mira
name,nombre
days,días
told,dicho
let,dejar
lord,caballero
country,país
asked,preguntó
going,yendo
seen,visto
better,mejor
p,pags
having,tener
home,hogar
knew,supo
side,lado
something,alguna cosa
moment,momento
father,padre
course,curso
hands,manos
woman,mujer
enough,suficiente
words,palabras
mother,madre
soon,pronto
full,completo
end,final
gave,dio
room,habitación
almost,casi
small,pequeña
thou,tú
cannot,no poder
water,agua
want,desear
however,sin embargo
light,luz
quite,bastante
brought,trajo
nor,ni
word,palabra
whose,cuyo
given,dado
door,puerta
best,mejor
turned,transformado
taken,tomado
does,lo hace
use,usar
morning,Mañana
myself,mí mismo
Gutenberg,Gutenberg
felt,sintió
until,Hasta que
since,ya que
power,energía
themselves,ellos mismos
used,usó
rather,bastante
began,empezó
present,presente
voice,voz
others,otros
white,blanco
works,obras
less,menos
money,dinero
next,Siguiente
poor,pobre
death,muerte
stood,permaneció
form,forma
within,dentro de
together,juntos
till,hasta
thy,tu
large,largo
matter,asunto
kind,tipo
often,con frecuencia
certain,cierto
herself,sí misma
year,año
friend,amigo
half,mitad
order,ordenar
round,redondo
TRUE,CIERTO
anything,cualquier cosa
keep,mantener
sent,enviado
wife,esposa
means,medio
believe,creer
passed,pasó
feet,pies
near,cerca
public,público
state,estado
son,hijo
hundred,ciento
children,niños
thus,de este modo
hope,esperar
alone,solo
above,arriba
case,caso
dear,Estimado
thee,El e
says,dice
person,persona
high,alto
read,leer
city,ciudad
already,ya
received,recibió
fact,hecho
gone,desaparecido
girl,chica
known,conocido
hear,oír
times,veces
least,el menos
perhaps,quizás
sure,Por supuesto
indeed,Por supuesto
english,inglés
open,abierto
body,cuerpo
itself,sí mismo
along,a lo largo de
land,tierra
return,devolver
leave,abandonar
air,aire
nature,naturaleza
answered,contestada
either,o
law,ley
help,ayuda
lay,poner
point,punto
child,niño
letter,carta
four,cuatro
wish,deseo
fire,fuego
cried,llorado
2,2
women,mujeres
speak,hablar
number,número
therefore,por lo tanto
hour,hora
friends,amigos
held,retenida
free,libre
war,guerra
during,durante
several,varios
business,negocio
whether,ya sea
er,jerga
manner,manera
second,segundo
reason,razón
replied,respondido
united,unido
call,llamar
general,general
why,por qué
behind,detrás
became,convertirse
john,Juan
become,convertirse en
dead,muerto
earth,tierra
boy,chico
lost,perdió
forth,adelante
thousand,mil
looking,buscando
I'll,Voy a
family,familia
soul,alma
feel,sentir
coming,viniendo
England,Inglaterra
spirit,espíritu
question,pregunta
care,cuidado
truth,verdad
ground,terrestre
really,De Verdad
rest,descansar
mean,significar
different,diferente
making,haciendo
possible,posible
fell,cayó
towards,hacia
human,humano
kept,mantuvo
short,corto
town,pueblo
following,siguiendo
need,necesitar
cause,causa
met,reunió
evening,tardecita
returned,devuelto
five,cinco
strong,fuerte
able,poder
french,francés
live,En Vivo
lady,dama
subject,tema
sn,sn
answer,responder
sea,mar
fear,miedo
understand,comprender
hard,difícil
terms,términos
doubt,duda
around,alrededor
ask,pedir
arms,brazos
turn,giro
sense,sentido
seems,parece
black,negro
bring,traer
followed,seguido
beautiful,hermoso
close,cerca
dark,oscuro
hold,mantener
character,personaje
sort,clasificar
sight,visión
ten,diez
show,mostrar
party,fiesta
fine,multa
ye,S.M
ready,Listo
story,historia
common,común
book,libro
electronic,electrónico
talk,hablar
account,cuenta
mark,Marcos
interest,interés
written,escrito
can't,no poder
bed,cama
necessary,necesario
age,años
else,más
force,fuerza
idea,ocurrencia
longer,más extenso
spoke,habló
across,a través de
brother,hermano
early,temprano
ought,debería
sometimes,algunas veces
saying,dicho
table,mesa
appeared,apareció
river,río
continued,continuado
eye,ojo
ety,ety
sun,sol
information,información
later,luego
everything,todo
reached,alcanzó
suddenly,de repente
past,pasado
hours,horas
strange,extraño
deep,profundo
change,cambio
miles,millas
feeling,sentimiento
act,Actuar
meet,reunir
paid,pagado
further,más lejos
purpose,objetivo
happy,contento
added,adicional
seem,parecer
taking,tomando
blood,sangre
rose,rosa
south,sur
beyond,más allá de
cold,frío
neither,ninguno de los dos
forward,delantero
view,vista
I've,He
position,posición
sound,sonido
none,ninguna
entered,ingresó
clear,claro
road,la carretera
late,tarde
stand,pararse
suppose,suponer
la,la
daughter,hija
real,real
nearly,por poco
mine,mía
laws,leyes
knowledge,conocimiento
comes,proviene
toward,hacia
bad,malo
cut,Corte
copy,Copiar
husband,esposo
six,seis
France,Francia
living,vivir
peace,paz
didn't,no
low,bajo
north,norte
remember,recuerda
effect,efecto
natural,natural
pretty,bonita
fall,otoño
fair,justa
service,Servicio
below,abajo
except,excepto
American,Americano
hair,pelo
London,Londres
laid,establecido
pass,pasar
led,dirigió
copyright,derechos de autor
doing,haciendo
army,ejército
run,correr
horse,caballo
future,futuro
opened,abrió
pleasure,Placer
history,historia
west,Oeste
pay,pagar
red,rojo
an',un'
4,4
hath,ha
note,Nota
although,a pesar de que
wanted,querido
gold,oro
makes,hace
desire,deseo
play,desempeñar
master,Maestro
office,oficina
tried,intentó
front,frente
big,grande
Dr,Dr
lived,vivió
certainly,seguramente
wind,viento
receive,recibir
attention,atención
government,gobierno
unto,hasta
church,iglesia
strength,fuerza
length,longitud
company,empresa
placed,metido
paper,papel
letters,letras
probably,probablemente
glad,contento
important,importante
especially,especialmente
greater,mayor que
yourself,tú mismo
fellow,compañero
bear,llevar
opinion,opinión
window,ventana
ran,corrió
faith,fe
ago,atrás
agreement,convenio
charge,cobrar
beauty,belleza
lips,labios
remained,se mantuvo
arm,brazo
latter,último
duty,deber
send,enviar
distance,distancia
silence,silencio
foot,pie
wild,salvaje
object,objeto
die,morir
save,ahorrar
gentleman,Caballero
trees,árboles
green,verde
trouble,problema
smile,sonreír
books,libros
wrong,equivocado
various,varios
sleep,dormir
persons,persona
blockquote,bloqueo
happened,sucedió
particular,especial
drew,dibujó
minutes,minutos
hardly,difícilmente
walked,caminado
chief,jefe
chance,oportunidad
according,de acuerdo a
beginning,comienzo
action,acción
deal,acuerdo
loved,amado
visit,visitar
thinking,pensando
follow,seguir
standing,de pie
knows,saber
try,probar
presence,presencia
heavy,pesado
sweet,dulce
plain,sencillo
donations,donaciones
immediately,inmediatamente
wrote,escribió
mouth,boca
rich,rico
thoughts,pensamientos
months,meses
u,u
won't,no
afraid,atemorizado
Paris,París
single,único
joy,alegría
enemy,enemigo
broken,roto
unless,a no ser que
states,estados
ship,Embarcacion
condition,condición
carry,llevar
exclaimed,exclamado
including,incluido
filled,lleno
seeing,viendo
influence,influencia
write,escribe
boys,Niños
appear,Aparecer
outside,fuera de
secret,secreto
parts,partes
please,por favor
appearance,apariencia
evil,demonio
march,marcha
George,Jorge
whatever,lo que sea
slowly,despacio
tears,lágrimas
horses,caballos
places,lugares
caught,capturado
stay,Quédate
instead,en cambio
struck,golpeado
blue,azul
York,York
impossible,imposible
period,período
sister,hermana
battle,batalla
school,escuela
Mary,María
raised,aumentó
occasion,ocasión
married,casado
man's,hombre
former,anterior
food,alimento
youth,juventud
learned,aprendió
merely,meramente
reach,alcanzar
system,sistema
twenty,veinte
dinner,cena
quiet,tranquilo
easily,fácilmente
moved,movido
afterwards,después
giving,donación
walk,caminar
stopped,detenido
laughed,Se rió
language,idioma
expression,expresión
week,semana
hall,salón
danger,peligro
property,propiedad
wonder,preguntarse
usual,habitual
figure,figura
born,nacido
court,tribunal
generally,en general
grew,creció
showed,mostró
getting,consiguiendo
ancient,antiguo
respect,respeto
third,tercera
worth,valor
simple,simple
tree,árbol
leaving,partida
remain,permanecer
society,sociedad
fight,lucha
wall,pared
result,resultado
heaven,cielo
William,William
started,empezado
command,dominio
tone,tono
regard,respecto
expected,esperado
mere,mero
month,mes
beside,junto a
silent,silencioso
perfect,Perfecto
experience,experiencia
street,calle
writing,escritura
goes,va
circumstances,circunstancias
entirely,enteramente
fresh,nuevo
duke,duque
covered,cubierto
bound,vinculado
east,este
wood,madera
stone,piedra
quickly,rápidamente
notice,aviso
bright,brillante
Christ,Cristo
boat,barco
noble,noble
meant,quiso decir
somewhat,un poco
sudden,repentino
value,valor
c.,C.
direction,dirección
chair,silla
due,adeudado
support,apoyo
tom,Tomás
date,fecha
waiting,esperando
Christian,cristiano
village,aldea
lives,vive
reading,lectura
agree,aceptar
lines,líneas
considered,consideró
field,campo
observed,observado
scarcely,apenas
wished,desestimado
wait,Espere
greatest,mejor
permission,permiso
success,éxito
piece,pieza
British,británico
ex,ex
Charles,Charles
formed,formado
speaking,discurso
trying,difícil
conversation,conversación
proper,correcto
hill,Cerro
music,música
opportunity,oportunidad
that's,ese es
German,Alemán
afternoon,tarde
cry,llorar
cost,costo
allowed,permitió
girls,muchachas
considerable,considerable
c,C
broke,rompió
honour,honor
seven,Siete
private,privado
sit,sentar
news,noticias
top,parte superior
scene,escena
discovered,descubierto
marriage,matrimonio
step,paso
garden,jardín
race,la raza
begin,empezar
per,por
individual,individual
sitting,sesión
learn,aprender
political,político
difficult,difícil
bit,un poco
speech,discurso
Henry,Enrique
lie,mentir
cast,emitir
eat,comer
authority,autoridad
etc.,etc.
floor,piso
ill,enfermo
ways,maneras
offered,Ofrecido
original,original
happiness,felicidad
flowers,flores
produced,producido
summer,el verano
provide,proveer
study,estudiar
religion,religión
picture,imagen
walls,paredes
personal,personal
America,America
watch,reloj
pleased,encantado
leaves,hojas
declared,declarado
hot,caliente
understood,comprendido
prepared,preparado
escape,Escapar
attempt,intentar
supposed,supuesto
killed,delicado
fast,rápido
author,autor
Indian,indio
brown,marrón
determined,determinado
pain,dolor
spring,primavera
takes,toma
drawn,dibujado
soldiers,soldados
houses,casas
beneath,debajo
talking,hablando
turning,torneado
century,siglo
steps,pasos
intended,destinado
soft,suave
straight,directo
matters,asuntos
likely,probable
corner,esquina
trademark,marca comercial
justice,justicia
simply,simplemente
produce,producir
trust,confianza
appears,aparecer
Rome,Roma
laugh,risa
forget,olvidar
Europe,Europa
passage,paso
eight,ocho
closed,cerrado
ourselves,Nosotros mismos
gives,da
dress,vestir
passing,paso
terrible,horrible
required,requerido
medium,medio
efforts,esfuerzos
sake,motivo
breath,aliento
wise,sabio
ladies,señoras
possession,posesión
pleasant,agradable
perfectly,perfectamente
o',O '
memory,memoria
usually,normalmente
grave,tumba
fixed,fijado
modern,moderno
spot,lugar
troops,tropas
rise,elevar
break,descanso
fifty,cincuenta
island,isla
meeting,reunión
camp,acampar
nation,nación
existence,existencia
reply,respuesta
I'd,Identificación
copies,copias
sky,cielo
touch,tocar
equal,igual
fortune,fortuna
v.,v.
shore,costa
domain,dominio
named,nombrada
situation,situación
looks,aspecto
promise,promesa
orders,pedidos
degree,la licenciatura
middle,medio
winter,invierno
plan,plan
spent,gastó
allow,permitir
pale,pálido
conduct,conducta
running,correr
religious,religioso
surprise,sorpresa
minute,minuto
roman,romano
cases,casos
lead,Plomo
move,Muevete
names,nombramiento
stop,deténgase
higher,más alto
et,en
father's,del padre
threw,tiró
worse,peor
built,construido
spoken,hablado
glass,vidrio
board,junta
vain,vano
affairs,asuntos
instance,instancia
safe,seguro
loss,pérdida
doctor,médico
offer,oferta
class,clase
complete,completo
access,acceso
lower,más bajo
wouldn't,no
repeated,repetido
forms,formularios
darkness,oscuridad
military,militar
warm,cálido
drink,beber
passion,pasión
ones,unos
physical,físico
example,ejemplo
ears,orejas
questions,preguntas
start,comienzo
lying,mintiendo
smiled,sonreír
keeping,acuerdo
spite,despecho
shown,mostrado
directly,directamente
james,James
hart,ciervo
serious,serio
hat,sombrero
dog,perro
silver,plata
sufficient,suficiente
main,principal
mentioned,mencionado
servant,servidor
pride,orgullo
crowd,multitud
train,tren
wonderful,maravilloso
moral,moral
instant,instante
associated,asociado
path,sendero
greek,griego
meaning,sentido
fit,adaptar
ordered,ordenado
lot,lote
he's,él es
proved,demostrado
obliged,obligado
enter,ingresar
rule,regla
sword,espada
attack,ataque
game,juego
health,salud
paragraph,párrafo
statement,declaración
social,social
refund,reembolso
sorry,perdón
courage,coraje
members,miembros
grace,gracia
official,oficial
dream,sueño
worthy,valioso
rock,roca
jack,Jack
provided,previsto
special,especial
shook,sacudirse
request,solicitud
mighty,poderoso
glance,vistazo
heads,cabezal
movement,movimienot
fee,tarifa
share,Cuota
expect,suponer
couldn't,no pude
dollars,dólares
spread,untado
opposite,opuesto
glory,gloria
twelve,doce
space,espacio
engaged,comprometido
peter,péter
wine,vino
ordinary,común
mountains,montañas
taste,gusto
iron,planchar
isn't,no es
distribute,distribuir
trade,comercio
consider,considerar
greatly,muy
accepted,aceptado
forced,forzado
advantage,ventaja
ideas,ideas
decided,decidió
using,usando
officer,oficial
rate,Velocidad
clothes,ropa
sign,señal
feelings,sentimientos
native,nativo
promised,prometido
judge,juez
difference,diferencia
working,laboral
anxious,ansioso
marry,casar
captain,capitán
finished,acabado
extent,medida
watched,Visto
curious,curioso
foreign,extranjero
besides,además
method,método
excellent,excelente
confidence,confianza
marked,marcado
em,Em
jesus,Jesús
exactly,exactamente
importance,importancia
finally,finalmente
bill,factura
vast,enorme
prove,demostrar
fancy,lujoso
quick,rápido
yes,sí
sought,buscado
prevent,prevenir
neck,cuello
hearts,corazones
liberty,libertad
interesting,interesante
sides,lado
legal,legal
gentlemen,caballeros
dry,seco
serve,atender
aside,aparte
pure,puro
concerning,sobre
forgotten,olvidado
lose,perder
powers,potestades
possessed,poseído
thrown,lanzado
evidence,evidencia
distant,distante
Michael,Miguel
progress,Progreso
similar,similar
narrow,angosto
altogether,en total
building,edificio
page,página
particularly,particularmente
knowing,conocimiento
weeks,semanas
settled,establecido
holding,tenencia
mountain,montaña
search,búsqueda
sad,triste
sin,pecado
lies,mentiras
proud,orgulloso
pieces,piezas
clearly,claramente
price,precio
ships,buques
thirty,treinta
sick,enfermo
honest,honesto
shut,cerrado
talked,habló
bank,banco
fate,destino
dropped,caído
judgment,juicio
conditions,condiciones
king's,rey
accept,aceptar
hills,sierras
removed,remoto
forest,bosque
measure,medida
species,especies
seek,buscar
highest,el más alto
otherwise,de lo contrario
stream,corriente
honor,honor
carefully,con cuidado
obtained,obtenido
ear,oído
bread,pan de molde
bottom,abajo
additional,adicional
presented,presentado
aid,ayuda
fingers,dedos
q,Q
remembered,recordado
choose,elegir
agreed,acordado
animal,animal
events,eventos
there's,hay
fully,completamente
delight,deleitar
rights,derechos
amount,Monto
obtain,obtener
tax,impuesto
servants,servicio
sons,hijos
cross,cruz
shoulders,espalda
thick,grueso
points,puntos
stranger,extraño
woods,bosque
facts,hechos
dare,atrevimiento
grow,crecer
creature,criatura
hung,colgado
rain,lluvia
FALSE,FALSO
tall,alto
gate,portón
nations,naciones
created,creado
refused,rechazado
quietly,en silencio
surface,superficie
freely,libremente
holy,santo
streets,calles
blow,explotar
july,mes de julio
regarded,considerado
fashion,Moda
report,reporte
coast,costa
daily,diariamente
file,expediente
shoulder,hombro
surprised,sorprendido
faces,caras
succeeded,tener éxito
birds,aves
distribution,distribución
royal,real
song,canción
wealth,riqueza
comfort,comodidad
failed,ha fallado
freedom,libertad
peculiar,peculiar
anyone,cualquiera
advance,ventaja
gentle,amable
surely,seguramente
animals,animales
waited,esperado
secure,seguro
desired,deseado
grass,césped
touched,tocado
occupied,ocupado
draw,dibujar
stage,escenario
portion,parte
expressed,expresado
opening,apertura
june,junio
spirits,espíritu
fish,pez
tongue,lengua
capital,capital
angry,enfadado
growing,creciente
served,servido
carriage,carro
weather,clima
breast,seno
presently,ahora
snow,nieve
David,David
papers,documentos
necessity,necesidad
practice,práctica
claim,reclamar
hast,hast
education,educación
sharp,agudo
prince,Príncipe
permitted,permitido
group,grupo
enemies,enemigos
robert,Robert
played,jugó
throughout,a lo largo de
pity,lástima
expense,gastos
yours,tuya
million,millón
add,agregar
pray,rezar
taught,enseñó
explained,explicado
tired,cansado
leading,principal
kill,matar
shadow,sombra
companion,compañero
weight,peso
mass,masa
established,establecido
suffered,sufrido
gray,gris
brave,Bravo
thin,delgada
satisfied,satisfecho
check,controlar
virtue,virtud
golden,dorado
numerous,numeroso
frequently,frecuentemente
famous,famoso
telling,narración
powerful,poderoso
alive,viva
waters,aguas
national,nacional
weak,débil
divine,divino
material,material
principal,principal
gathered,reunido
suggested,sugirió
frank,franco
valley,Valle
guess,adivinar
finding,hallazgo
yellow,amarillo
heat,calor
remains,restos
bent,doblado
seized,apoderado
guard,Guardia
equally,igualmente
naturally,naturalmente
box,caja
remarkable,Notable
gods,Dioses
moon,luna
slight,leve
style,estilo
pointed,puntiagudo
saved,salvado
windows,Windows
crossed,cruzado
louis,Louis
pounds,libras
ain't,no
evidently,evidentemente
principle,principio
immediate,inmediato
willing,deseoso
consequence,consecuencia
richard,Ricardo
principles,principios
characters,caracteres
paul,Pablo
season,temporada
remarked,cometido
science,Ciencias
tender,tierno
worked,trabajó
grown,crecido
whispered,susurrado
interested,interesado
quarter,cuarto
midst,medio
liked,apreciado
advanced,avanzado
apparently,aparentemente
bore,aburrir
pwh,PWH
active,activo
noticed,observó
aware,consciente
thomas,Thomas
uncle,tío
list,lista
dangerous,peligroso
august,agosto
calm,calma
genius,genio
sacred,sagrado
kingdom,Reino
entire,completo
popular,popular
unknown,desconocido
nice,bonito
habit,hábito
spanish,español
familiar,familiar
reader,lector
published,publicado
direct,directo
handsome,guapo
you'll,tu
joined,unido
actually,Realmente
kings,reyes
sd,Dakota del Sur
posted,al corriente
approach,Acercarse
Washington,Washington
hearing,audiencia
needed,necesario
increased,aumentó
walking,caminando
twice,dos veces
throw,lanzar
intellectual,intelectual
appointed,fijado
wisdom,sabiduría
ceased,cesado
truly,realmente
numbers,números
demanded,exigido
wounded,herido
sorrow,tristeza
drive,conducir
fault,culpa
listened,escuchado
palace,palacio
affair,asunto
contact,contacto
distinguished,distinguido
station,estación
beat,derrotar
distributed,repartido
e,mi
listen,escuchar
Italy,Italia
fool,engañar
becomes,convertirse en
watching,mirando
hurt,herir
wants,quiere
express,Rápido
occurred,ocurrió
favour,favor
height,altura
size,Talla
edge,borde
subjects,asignaturas
task,tarea
follows,seguimiento
interests,intereses
nine,nueve
sympathy,compasión
burst,ráfaga
putting,poniendo
dressed,vestido
lifted,levantado
hopes,esperanzas
suffer,sufrir
noise,ruido
smiling,sonriente
rode,montó
tells,contado
minds,mentes
farther,más lejos
literature,literatura
vessel,buque
affection,cariño
suffering,sufrimiento
proceeded,procedido
advice,consejo
grand,grandioso
carrying,que lleva
legs,piernas
Spain,España
post,correo
collection,recopilación
empty,vacío
rank,rango
storm,tormenta
god's,Dioses
imagine,imaginar
wore,vistió
duties,deberes
admitted,aceptado
countries,países
pocket,bolsillo
arrival,llegada
imagination,imaginación
driven,impulsado
loud,alto
sentence,frase
lovely,hermoso
extraordinary,extraordinario
November,Noviembre
December,Diciembre
happen,suceder
absence,ausencia
breakfast,desayuno
population,población
thank,gracias
rules,normas
inhabitants,habitantes
series,serie
laughing,reír
address,Dirección
relief,alivio
bird,pájaro
owner,dueño
impression,impresión
satisfaction,satisfacción
coat,Saco
prepare,preparar
relations,relaciones
shape,forma
birth,nacimiento
rapidly,rápidamente
smoke,fumar
January,enero
mother+'s,Madre+
machine,máquina
content,contenido
consideration,consideración
accompanied,acompañado
regular,regular
moving,Moviente
stands,stands
wholly,totalmente
teeth,dientes
busy,ocupado
treated,tratado
burning,incendio
shame,verguenza
quality,calidad
bay,bahía
discover,descubrir
inside,en el interior
brain,cerebro
soil,suelo
completely,completamente
message,mensaje
ring,anillo
resolved,resuelto
calling,vocación
phrase,frase
acts,hechos
mention,mencion
square,cuadrado
pair,par
won,ganó
title,título
understanding,comprensión
Sunday,Domingo
fruit,Fruta
mad,enojado
forces,efectivo
included,incluido
tea,té
rocks,rocas
nearer,más cerca
slaves,esclavos
falling,descendente
absolutely,absolutamente
slow,lento
bearing,Llevando
mercy,misericordia
larger,más grande
explain,explique
contain,contener
grief,dolor
soldier,soldado
wasn't,no
countenance,rostro
previous,anterior
explanation,explicación
welcome,bienvenidos
proposed,propuesto
prayer,oración
stars,estrellas
Germany,Alemania
belief,creencia
informed,informado
moments,momentos
poetry,poesía
constant,constante
buy,comprar
final,final
faithful,fiel
ride,conducir
policy,política
drawing,dibujo
excitement,excitación
dying,muriendo
demand,pedir
fighting,lucha
fields,campos
drove,condujo
upper,superior
sum,suma
Philip,Filipes
motion,movimiento
assistance,asistencia
forty,cuarenta
April,Abril
stones,piedras
Edward,Eduardo
fees,Tarifa
kindly,amable
dignity,dignidad
catch,captura
October,Octubre
seated,sentado
knees,rodillas
amongst,entre
current,Actual
sending,enviando
parties,fiestas
objects,objetos
gained,ganado
bitter,amargo
possibly,posiblemente
slave,esclavo
separate,separado
loose,suelto
text,texto
receiving,recepción
worst,el peor
sold,vendido
don,don
credit,crédito
chosen,elegido
hoped,esperado
printed,impreso
terror,terror
features,caracteristicas
fond,aficionado
control,control
capable,capaz
fifteen,quince
doesn't,no
firm,firma
superior,superior
cruel,cruel
spiritual,espiritual
Harry,Harry
splendid,espléndido
proof,prueba
pressed,presionado
sooner,cuanto antes
join,unirse
process,proceso
crime,delito
dust,polvo
instantly,instantáneamente
lands,tierras
relation,relación
doors,puertas
concerned,preocupado
deeply,profundamente
practical,práctico
colour,color
sing,cantar
destroy,destruir
anger,enfado
distributing,distribuido
results,resultados
increase,aumentar
reasons,razones
nose,nariz
friendly,amigable
entrance,entrada
rooms,habitaciones
admit,admitir
supply,suministro
clean,limpio
useful,útil
yesterday,el dia de ayer
delicate,delicado
fail,fallar
continue,Seguir
remove,retirar
addressed,dirigido
choice,elección
huge,enorme
needs,necesidades
wear,tener puesto
blind,ciego
unable,incapaz
cover,cubrir
double,doble
victory,victoria
dozen,docena
constantly,constantemente
level,nivel
India,India
release,liberar
rough,bruto
ended,terminado
shows,espectáculos
fly,volar
praise,elogio
devil,demonio
ahead,adelante
connected,conectado
degrees,grados
gain,ganar
addition,suma
committed,comprometido
chamber,cámara
notes,notas
Italian,italiano
gradually,gradualmente
acquaintance,conocido
bought,comprado
souls,almas
mission,misión
sacrifice,sacrificio
cities,ciudades
mistake,error
exercise,ejercicio
conscience,conciencia
based,establecido
car,coche
buried,enterrado
theory,teoría
commanded,ordenado
nobody,nadie
minister,ministro
closely,cercanamente
energy,energía
dick,polla
bare,desnudo
fought,luchado
partly,parcialmente
mistress,amante
hate,odio
arose,surgir
playing,jugando
color,color
lake,lago
safety,la seguridad
provisions,provisiones
description,descripción
asleep,dormido
centre,centro
faint,tenue
thinks,pensamiento
parents,padres
escaped,escapado
careful,Cuidado
enjoy,disfrutar
drop,soltar
brilliant,brillante
brief,breve
bringing,trayectoria
worship,Adoración
goods,bienes
tale,cuento
skin,piel
roof,techo
grey,gris
highly,altamente
crown,corona
castle,castillo
excited,entusiasmado
throne,trono
stated,fijado
despair,desesperación
ease,facilitar
attached,adjunto
total,total
kindness,amabilidad
mile,milla
citizens,los ciudadanos
circle,circulo
dull,tedioso
extreme,extremo
clouds,nubes
figures,cifras
intention,intención
prison,prisión
term,término
assured,seguro
hidden,oculto
thoroughly,minuciosamente
cup,taza
member,miembro
civil,civil
apply,aplicar
labor,mano de obra
everywhere,En todas partes
intelligence,inteligencia
strike,Huelga
fairly,justamente
comply,cumplir
fellows,becarios
haven't,no
event,evento
gently,suavemente
connection,conexión
protection,proteccion
conscious,consciente
edition,edición
directed,dirigido
pulled,tirado
flight,vuelo
evident,evidente
surrounded,rodeado
wishes,deseos
yards,yardas
voices,voces
weary,cansado
couple,pareja
variety,variedad
whilst,mientras que
volume,volumen
details,detalles
older,más viejo
requirements,requisitos
custom,disfraz
apart,aparte
bow,arco
awful,horrible
everybody,todos
labour,mano de obra
asking,pidiendo
lover,amante
showing,demostración
introduced,introducido
suit,traje
becoming,convirtiéndose
composed,compuesto
plans,planes
rendered,renderizado
pictures,fotos
lest,para que no
volunteers,voluntarios
singing,cantando
eager,ansioso
precious,precioso
paused,detenido
require,requerir
meat,carne
whenever,cuando sea
milk,Leche
dogs,perros
successful,exitoso
plants,plantas
vision,visión
rare,extraño
granted,otorgada
raise,elevar
Egypt,Egipto
manners,modales
cousin,primo
you've,tienes
development,desarrollo
Arthur,Arturo
obs,obsceno
cool,Frío
trial,prueba
learning,aprendizaje
approached,abordado
bridge,puente
abroad,extranjero
devoted,dedicado
paying,pago
literary,literario
writer,escritor
fn,fn
Israel,Israel
disappeared,desaparecido
interrupted,interrumpido
stock,Valores
readers,lectores
dreadful,terrible
female,femenino
protect,proteger
accustomed,acostumbrado
Virginia,Virginia
type,escribe
recognized,Reconocido
salt,sal
destroyed,destruido
signs,señales
innocent,inocente
temper,temperamento
plenty,mucho
pope,papa
avoid,evitar
hurried,apresurado
represented,representado
favor,favor
mental,mental
attitude,actitud
returning,que regresa
admiration,admiración
brothers,hermanos
anxiety,ansiedad
queen,reina
teach,enseñar
count,contar
curiosity,curiosidad
solemn,solemne
causes,causas
vessels,buques
compelled,obligado
dance,baile
hotel,hotel
wicked,malvado
fled,huido
kissed,besado
guns,pistolas
fill,llenar
visible,visible
younger,más joven
guide,guía
earnest,serio
actual,actual
companions,compañeros
prisoner,prisionero
miserable,miserable
lad,muchacho
harm,dañar
views,puntos de vista
Irish,irlandesa
utterly,absolutamente
ends,fines
shop,tienda
stairs,escalera
pardon,indulto
gay,gay
beg,mendigar
seldom,raramente
kinds,tipo
record,registro
fat,grasa
sand,arena
violent,violento
branches,sucursales
inquired,investigado
IV,IV
September,Septiembre
worn,gastado
Ireland,Irlanda
flat,plano
departure,partida
delivered,entregado
gift,regalo
ruin,ruina
skill,habilidad
cattle,ganado
Word,Palabra
equipment,equipo
temple,templo
calls,llamadas
earlier,más temprano
license,licencia
visited,visitado
en,interno
consent,consentir
sufficiently,suficientemente
natives,nativo
wound,herida
laughter,la risa
contained,contenido
perceived,percibido
scattered,disperso
whence,De dónde
rushed,apresuraron
chiefly,principalmente
bold,audaz
anywhere,en cualquier sitio
witness,testigo
foolish,necio
helped,ayudó
kitchen,cocina
sell,vender
anybody,cualquiera
self,uno mismo
extremely,extremadamente
treatment,tratamiento
throat,garganta
dreams,Sueños
patient,paciente
speed,velocidad
growth,crecimiento
quantity,cantidad
Latin,latín
immense,inmenso
conclusion,conclusión
computer,computadora
affected,afectado
severe,severo
excuse,disculpar
triumph,triunfo
origin,origen
Joseph,Joseph
slept,dormido
eternal,eterno
thine,tus
audience,audiencia
pages,páginas
sounds,sonidos
swift,rápido
limited,limitado
wings,alas
stepped,escalonado
services,servicios
library,biblioteca
remaining,restante
containing,que contiene
base,base
confusion,confusión
win,victoria
maid,criada
charming,encantador
editions,ediciones
attended,atendido
softly,suavemente
reality,la realidad
performed,realizado
glorious,glorioso
likewise,igualmente
site,sitio
sail,navegar
frightened,atemorizado
acquainted,familiarizado
unhappy,infeliz
feared,temido
article,artículo
prisoners,prisioneros
store,Tienda
adopted,adoptado
shalt,estarán
remark,observación
cook,cocinero
thousands,miles
pause,pausa
inclined,inclinado
convinced,convencido
band,banda
valuable,valioso
hence,por eso
desert,Desierto
effects,efectos
kiss,Beso
plant,planta
ice,hielo
ball,pelota
stick,palo
absolute,absoluto
readily,fácilmente
behold,Mirad
fierce,intenso
argument,argumento
observe,observar
blessed,bendecido
bosom,seno
rage,rabia
striking,sorprendentes
discovery,descubrimiento
creatures,criaturas
shouted,gritó
guilty,culpable
related,relacionado
setting,ajuste
forgot,olvidó
punishment,castigo
gun,pistola
slightly,levemente
articles,artículos
police,policía
mysterious,misterioso
extended,extendido
confess,confesar
shade,sombra
murder,asesinato
emotion,emoción
destruction,destrucción
wondered,maravilloso
increasing,creciente
hide,ocultar
expedition,expedición
horror,horror
local,local
expenses,gastos
ignorant,ignorante
doctrine,doctrina
generous,generoso
range,rango
host,anfitrión
wet,mojado
cloud,nube
mystery,misterio
Ed,Edición
waste,desperdicio
changes,cambios
possess,poseer
consciousness,conciencia
February,Febrero
trembling,temblor
disease,enfermedad
formerly,antes
spend,gastar
production,producción
source,fuente
mankind,humanidad
universal,universal
deck,plataforma
sees,visión
habits,hábitos
estate,bienes
aunt,tía
reign,reinado
humble,humilde
compliance,cumplimiento
delay,demora
shining,brillante
reported,reportado
hers,suyo
unfortunate,desgraciado
midnight,doce de la noche
listening,escuchando
flower,flor
hero,héroe
accomplished,logrado
doth,doth
classes,clases
thanks,Gracias
banks,bancos
philosophy,filosofía
belong,pertenecer
finger,dedo
comfortable,cómodo
market,mercado
cap,gorra
waves,ondas
woman's,mujer
glanced,mirado
troubled,preocupado
difficulties,dificultades
picked,escogido
European,europeo
purposes,propósitos
somewhere,en algún lugar
delighted,contento
pushed,empujado
press,prensa
household,familiar
fleet,flota
baby,bebé
region,región
lately,últimamente
uttered,pronunciado
exact,exacto
image,imagen
ages,siglos
murmured,murmurado
melancholy,melancolía
suspicion,sospecha
bowed,encorvado
refuse,rechazar
Elizabeth,Elizabeth
staff,personal
liability,responsabilidad
we'll,bien
enjoyed,disfruté
stretched,estirado
gaze,mirada
belonged,pertenecido
ashamed,avergonzado
reward,premio
meal,comida
blame,culpa
nodded,asintió con la cabeza
status,estado
opinions,opiniones
indicate,indicar
poem,poema
savage,salvaje
arise,surgir
voyage,viaje
misery,miseria
guests,huéspedes
painted,pintado
attend,asistir
afford,solventar
donate,donar
job,trabajo
proceed,Continuar
loves,ama
forehead,frente
regret,lamentar
plainly,claramente
risk,riesgo
ad,anuncio
lighted,iluminado
angel,ángel
rapid,rápido
distinct,distinto
doubtless,indudable
properly,adecuadamente
wit,ingenio
fame,fama
singular,singular
error,error
utmost,mayor
methods,métodos
reputation,reputación
appeal,apelación
she's,Ella es
w,w
strongly,fuertemente
Margaret,Margarita
lack,falta
breaking,rotura
dawn,amanecer
violence,violencia
fatal,fatal
render,prestar
career,carrera profesional
design,diseño
displayed,desplegado
gets,obtiene
commercial,comercial
forgive,perdonar
lights,luces
agreeable,agradable
suggestion,sugerencia
utter,pronunciar
sheep,oveja
resolution,resolución
spare,repuesto
patience,paciencia
domestic,Doméstico
concluded,concluido
tis,tis
farm,granja
reference,referencia
Chinese,Chino
exist,existir
corn,maíz
approaching,que se acerca
alike,similar
mounted,montado
Jane,Jane
issue,tema
key,llave
providing,Proporcionar
majority,mayoría
measures,medidas
towns,pueblo
flame,fuego
Boston,Bostón
dared,atrevido
ignorance,ignorancia
reduced,reducido
occasionally,ocasionalmente
y,Y
weakness,debilidad
furnished,amueblado
china,China
priests,sacerdotes
flying,volador
cloth,tela
gazed,mirado
profit,lucro
fourth,cuatro
bell,campana
hitherto,hasta ahora
benefit,beneficio
movements,movimientos
eagerly,con entusiasmo
acted,actuado
urged,impuesto
ascii,ascii
disposed,dispuesto
electronically,electrónicamente
atmosphere,atmósfera
chapter,capítulo
begged,manchado
Helen,Helen
hole,agujero
invited,invitado
borne,a cargo
departed,salido
catholic,católico
files,archivos
reasonable,razonable
sugar,azúcar
replacement,reemplazo
sigh,suspiro
humanity,humanidad
thrust,empuje
frame,cuadro
opposition,oposición
disk,disco
haste,prisa
lonely,solitaria
artist,artista
knight,caballero
quarters,cuarteles
charm,encanto
substance,sustancia
rolled,arrollado
email,Email
flung,holgazado
celebrated,celebrado
division,división
slavery,esclavitud
verse,verso
decision,decisión
probable,probable
painful,doloroso
governor,gobernador
forever,Siempre
turns,vueltas
branch,rama
ocean,Oceano
rear,trasero
leader,líder
delightful,encantador
stared,mirada
boats,barcos
keen,entusiasta
disposition,disposición
senses,Sentidos
occasions,ocasiones
readable,legible
beloved,amado
inches,pulgadas
bones,huesos
enthusiasm,entusiasmo
materials,materiales
luck,suerte
derived,derivado
managed,administrado
community,comunidad
apparent,aparente
preserved,Preservado
magnificent,magnífico
hurry,apuro
scheme,esquema
oil,aceite
thence,de allí
reaching,alcance
dim,oscuro
wretched,miserable
hanging,colgando
pipe,tubo
useless,inútil
nevertheless,a pesar de eso
print,impresión
smooth,suave
solid,sólido
pursued,perseguido
necessarily,necesariamente
build,construir
attempted,intentó
centuries,siglos
eggs,huevos
equivalent,equivalente
burned,quemado
you'd,tú
recent,reciente
oh,Oh
travel,viajar
cries,llantos
noon,mediodía
crying,llorando
generations,generaciones
located,situado
cabin,cabina
announcement,anuncio
Britain,Bretaña
compared,comparado
handed,entregó
cease,cesar
smaller,menor
circumstance,circunstancia
tent,tienda
frequent,frecuente
alarm,alarma
nervous,nervioso
beast,bestia
what's,qué
aloud,en voz alta
independent,independiente
gates,puertas
distinction,distinción
essential,básico
observation,observación
stronger,más fuerte
recovered,recuperado
belonging,perteneciente
loving,cariñoso
masters,maestría
writers,escritores
cf.,cf.
permanent,permanente
mortal,mortal
stern,popa
gratitude,gratitud
preserve,preservar
burden,carga
aspect,aspecto
millions,millones
merry,alegre
dread,miedo
clever,inteligente
applicable,aplicable
district,distrito
shadows,oscuridad
Jim,Jim
silk,seda
failure,falla
links,Enlaces
cent,centavo
sentiment,sentimiento
amid,entre
profits,ganancias
agent,agente
finds,hallazgos
Russia,Rusia
bade,bade
Russian,ruso
desperate,desesperado
union,Unión
imagined,imaginado
contempt,desprecio
raising,levantamiento
lords,señores
hell,infierno
separated,apartado
grant,otorgar
seriously,en serio
tribes,tribus
hit,pegar
enormous,enorme
defective,defectuoso
conviction,convicción
secured,asegurado
mixed,mezclado
insisted,insistido
wooden,de madera
prefer,preferir
prayers,oraciones
fever,fiebre
selected,seleccionado
daughters,hijas
treat,tratar
warning,advertencia
flew,voló
speaks,habla
developed,desarrollado
impulse,impulso
slipped,resbalado
ours,nuestro
Johnson,Johnson
mistaken,equivocado
damages,daños y perjuicios
ambition,ambición
resumed,reanudado
christmas,Navidad
yield,rendir
ideal,ideal
schools,escuelas
confirmed,confirmado
descended,descendido
rush,prisa
falls,caídas
deny,negar
calculated,calculado
correct,correcto
perform,llevar a cabo
hadn't,no
somehow,de alguna manera
accordingly,respectivamente
stayed,permaneció
acquired,adquirido
counsel,consejo
distress,angustia
sins,pecados
notion,noción
discussion,discusión
constitution,constitución
Anne,Ana
hundreds,cientos
instrument,instrumento
firmly,firmemente
actions,comportamiento
steady,firme
remarks,observaciones
empire,imperio
elements,elementos
idle,inactivo
pen,lápiz
entering,entretenimiento
online,en línea
Africa,África
permit,permiso
th',th '
tide,marea
vol,volante
leaned,inclinado
college,colega
maintain,mantener
sovereign,soberano
tail,cola
generation,generación
crowded,atestado
fears,miedos
nights,noches
limitation,limitación
tied,atado
horrible,horrible
cat,gato
displaying,visualización
port,Puerto
male,masculino
experienced,experimentado
opposed,opuesto
treaty,tratado
contents,contenido
rested,descansado
mode,modo
poured,vertido
les,les
occur,ocurrir
seeking,buscando
practically,prácticamente
abandoned,abandonado
reports,informes
eleven,once
sank,hundirse
begins,comienza
founded,fundado
brings,trayera
trace,rastro
instinct,instinto
collected,recogido
Scotland,Escocia
characteristic,característica
chose,elegir
cheerful,alegre
tribe,tribu
costs,costo
threatened,amenazado
arrangement,arreglo
western,occidental
sang,cantó
beings,seres
Sam,Sam
pressure,presión
politics,política
sorts,ordena
shelter,refugio
rude,brusco
scientific,científico
revealed,reveló
winds,vientos
riding,montando
shake,sacudir
industry,industria
claims,reclamación (es
pp.,páginas.
merit,mérito
profession,profesión
lamp,lámpara
interview,entrevista
territory,territorio
sleeping,dormido
sex,sexo
coffee,café
devotion,devoción
thereof,del mismo
creation,creación
trail,sendero
Romans,Romanos
supported,soportado
requires,requerimiento
fathers,Padres
prospect,perspectiva
obey,obedecer
Alexander,Alejandro
shone,brillo
operation,operación
northern,del Norte
nurse,enfermera
profound,profundo
hungry,hambriento
Scott,Escocés
sisters,hermanas
assure,asegurar
exceedingly,extremadamente
match,juego
wrath,ira
continually,continuamente
rest.,descansar.
gifts,regalos
folly,locura
chain,cadena
uniform,uniforme
debt,deuda
teaching,enseñando
venture,empresa
execution,ejecución
shoes,Zapatos
mood,estado animico
crew,tripulación
perceive,percibir
accounts,cuentas
eating,comiendo
multitude,multitud
declare,declarar
yard,yarda
o'er,sobre
astonishment,asombro
version,versión
vague,impreciso
odd,extraño
grateful,agradecido
nearest,más cercano
infinite,infinito
elsewhere,en otra parte
copying,proceso de copiar
apartment,Departamento
activity,actividad
wives,esposas
parted,separado
security,seguridad
cared,atendido
sensible,sensitivo
owing,debido
Martin,Martín
Saturday,sábado
cottage,cabaña
Jews,Judíos
capacity,capacidad
joe,José
settle,asentarse
referred,referido
Francis,Francis
holder,poseedor
involved,involucrado
sunshine,Brillo Solar
Dutch,Holandés
council,Consejo
princes,príncipes
ate,comió
examination,examen
steel,acero
strangers,extraños
beheld,contemplar
test,prueba
noted,señalado
slightest,más mínimo
widow,viuda
charity,caridad
realized,comprendió
element,elemento
shed,cobertizo
errors,errores
communication,comunicación
reflection,reflexión
attacked,atacado
organization,organización
maintained,mantenido
restored,restaurado
folks,amigos
concealed,ocultado
accordance,conformidad
heavens,Cielos
star,estrella
examined,examinado
deeds,andanzas
wordforms,formas de palabras
somebody,alguien
incident,incidente
oath,juramento
guest,invitado
bar,bar
row,fila
poverty,pobreza
bottle,botella
prevented,evitado
bless,bendecir
stir,remover
intense,intenso
completed,terminado
quarrel,disputa
touching,conmovedor
inner,interno
available,disponible
fix,arreglar
resistance,resistencia
unusual,inusual
deed,escritura
derive,derivar
hollow,hueco
suspected,sospechoso
contains,contiene
sighed,suspiro
province,provincia
deserted,abandonado
establishment,establecimiento
vote,votar
muttered,murmurado
thither,allá
oxford,Oxford
cavalry,caballería
lofty,elevado
endure,soportar
succeed,triunfar
leg,pierna
bid,licitación
Alice,Alicia
hated,odiado
civilization,civilización
u.s.,a nosotros.
acting,interino
landed,aterrizado
Christians,Cristianos
passions,pasiones
interior,interior
scarce,escaso
lightly,ligeramente
disturbed,perturbado
rev,Rvdo
supreme,supremo
hang,colgar
notwithstanding,a pesar de
shock,choque
exception,excepción
offering,ofrecimiento
display,monitor
strain,presion
drank,bebió
confined,confinado
o,O
exhausted,exhausto
poets,poetas
sounded,sonado
aim,apuntar
critical,crítico
Jerusalem,Jerusalén
directions,direcciones
negro,negro
fearful,temeroso
standard,estándar
studied,estudió
bag,bolsa
n,norte
buildings,edificios
consequences,consecuencias
commenced,iniciado
deeper,Más adentro
repeat,repetir
driving,conduciendo
beasts,ganado
track,pista
rid,librar
holds,agujeros
residence,residencia
steadily,continuamente
intimate,íntimo
drinking,Bebiendo
swear,jurar
treasure,tesoro
fun,divertida
throwing,lanzamiento
apt,apto
enterprise,empresa
queer,queer
seed,semilla
tower,torre
runs,carreras
defend,defender
favourite,favorito
desires,deseos
heavily,fuertemente
assembled,ensamblado
existed,existió
depends,depende
poems,poemas
hesitated,dudado
stuff,cosas
section,sección
settlement,asentamiento
staring,curioso
sole,único
roads,carreteras
plate,lámina
Mexico,México
overcome,superar
pains,esfuerzos
performing,ejecutando
dwell,residir
grounds,jardines
taxes,impuestos
marble,mármol
recently,recientemente
tones,tonos
ability,capacidad
awake,despierto
Walter,Walter
wave,ola
shaking,sacudida
folk,gente
possibility,posibilidad
butter,manteca
fury,furia
marched,marchado
Moses,Moisés
writes,escribe
issued,emitido
sailed,vela
instructions,instrucciones
hatred,odio
pursuit,buscar
pull,jalar
furniture,muebles
additions,adiciones
hid,escondido
rope,soga
vi,VI
adventure,aventura
royalty,realeza
vanished,desaparecido
arts,letras
elder,mayor
signal,señal
wanting,falto
supplied,suministrado
feast,banquete
safely,sin peligro
burn,quemar
describe,describir
references,referencias
annual,anual
card,tarjeta
passes,pases
application,solicitud
intelligent,inteligente
county,condado
beaten,vencido
presents,regalos
format,formato
flow,caudal
sixty,sesenta
scale,escala
damage,daño
marks,marcas
obtaining,obtención
moreover,es más
commerce,comercio
startled,sorprendido
southern,meridional
consequently,como consecuencia
outer,exterior
belongs,pertenencia
ben,ben
wrought,forjado
average,promedio
naked,desnudo
conducted,realizado
rivers,ríos
songs,canciones
obvious,obvio
foundation,Fundación
concern,inquietud
ceremony,ceremonia
magic,magia
campaign,Campaña
hunting,caza
Carolina,Carolina
liberal,liberal
whisper,susurro
largely,en gran parte
commonly,comúnmente
torn,Rasgado
exists,existe
contributions,contribuciones
hunt,caza
teacher,profesor
Christianity,cristiandad
lawyer,abogado
operations,operaciones
detail,detalle
shortly,dentro de poco
Caesar,César
wondering,preguntarse
leaders,líder
blessing,bendición
princess,princesa
he'd,El
altar,altar
tenderness,sensibilidad
tiny,diminuto
web,web
cardinal,cardenal
sharply,bruscamente
regiment,regimiento
chest,cofre
distinctly,distintivamente
purple,violeta
creating,creación
gather,recolectar
depth,profundidad
indignation,indignación
performance,actuación
election,elección
prosperity,prosperidad
gloomy,sombrío
conception,concepción
clerk,empleado
decide,decidir
drunk,ebrio
victim,víctima
reflected,reflejado
pour,verter
preceding,anterior
individuals,individuos
gazing,mirada
absurd,absurdo
lift,levantar
gesture,gesto
armies,ejércitos
limbs,mierda
manage,administrar
brethren,hermanos de religion
Hugh,Hugh
hastened,apresurado
dragged,arrastrado
motive,motivo
whatsoever,lo que
pointing,apuntado
verses,versos
pronounced,pronunciado
exchange,intercambio
definite,definido
emperor,emperador
tendency,tendencia
remote,remoto
finish,finalizar
flag,bandera
Word,Palabra
boots,botas
enabled,activado
administration,administración
denied,denegado
churches,iglesias
rarely,poco frecuentemente
earnestly,formalmente
considering,considerando
previously,previamente
ugly,feo
bears,osos
signed,firmado
genuine,auténtico
harmless,inofensivo
mingled,mezclado
obedience,obediencia
walks,camina
training,capacitación
badly,gravemente
feed,alimento
central,central
contrast,contraste
relieved,aliviado
romance,romance
Mississippi,Misisipí
structure,estructura
payment,pago
pace,ritmo
passages,pasajes
succession,sucesión
persuaded,persuadido
sources,fuentes
inquiry,consulta
inspired,inspirado
angels,ángeles
roll,rodar
wilt,marchitar
inch,pulgada
troubles,nubes
perfection,perfección
Lee,Sotavento
wherever,lo que sea
owe,deber
handle,resolver
advantages,ventajas
trip,viaje
shoot,disparar
fortunate,afortunado
newspaper,periódico
employment,empleo
fitted,ajustado
refuge,refugio
misfortune,desgracia
providence,providencia
owns,posee
cutting,corte
beard,barba
stirred,movido
tear,lágrima
Dan,Dan
resist,resistir
Bob,Beto
depths,lo más hondo
maiden,doncella
determine,determinar
commission,comisión
merchant,comerciante
whereas,mientras
crossing,cruce
independence,independencia
lively,dinámico
breeze,brisa
provinces,provincias
Jean,Vaquero
virtues,virtudes
conceived,concebido
relative,pariente
solitary,solitario
smell,oler
wandering,errante
thereby,de este modo
eighteen,Dieciocho
locked,encerrado
provision,disposición
courts,tribunales
eaten,comido
historical,histórico
regarding,con respecto a
Florence,Florencia
preferred,privilegiado
pick,elegir
ruined,arruinado
wherein,donde
vanity,vanidad
condemned,condenado
deliver,entregar
unexpected,inesperado
desk,escritorio
gross,bruto
lane,carril
happens,ocurrir
represent,representar
Billy,Porra
root,raíz
Holland,Holanda
mud,lodo
respectable,respetable
cleared,despejado
feels,siente
fruits,frutas
testimony,testimonio
Milton,Milton
existing,existente
bride,novia
rang,sonó
ranks,rango
responsibility,responsabilidad
beating,golpeando
disappointed,decepcionado
suitable,apropiado
depend,depender
judges,jueces
giant,gigante
grasp,sujetar
arrive,llegar
simplicity,sencillez
autumn,otoño
absent,ausente
legally,legalmente
veil,velo
gloom,oscuridad
doubtful,dudoso
suspect,sospechar
weapons,arma
limits,límites
determination,determinación
feeble,débil
prophet,profeta
Shak,Agitar
gathering,reunión
basis,base
examine,examinar
corrupt,corrupto
payments,pagos
returns,devoluciones
laying,colocación
prize,premio
instances,instancias
Greeks,Griegos
d,d
they're,ellos son
theatre,teatro
purchase,compra
comparison,comparación
composition,composición
rival,rival
someone,alguien
realize,darse cuenta
defeat,vencer
demands,demandas
foe,enemigo
shared,compartido
consists,consiste
studies,estudios
balance,balance
intercourse,coito
ID,IDENTIFICACIÓN
forming,formación
slender,esbelto
coach,entrenador
criminal,delincuente
knocked,golpeado
silly,tonto
humour,humor
masses,masas
indifferent,indiferente
recall,recuerdo
occupation,ocupación
discourse,discurso
keeps,guardia
regions,regiones
intervals,intervalos
assist,asistir
novel,novela
intellect,intelecto
leads,Guías
hither,aquí
tales,cuentos
sale,rebaja
revenge,venganza
Lucy,Lucy
yonder,allá
resources,recursos
jealous,celoso
we're,fueron
wheel,rueda
invitation,invitación
narrative,narrativo
risen,resbalado
burnt,quemado
sentiments,sentimiento
inferior,inferior
amusement,diversión
Marie,Marie
flash,destello
recognize,reconocer
portrait,retrato
create,crear
summoned,invocado
suggest,sugerir
induced,inducido
conflict,conflicto
fed,alimentados
curse,maldición
disappointment,decepción
helpless,indefenso
preparing,preparando
construction,construcción
Lincoln,Lincoln
zeal,celo
responsible,responsable
indicated,indicado
groups,grupos
positive,positivo
Germans,Alemanes
attracted,atraído
vengeance,venganza
fort,fuerte
club,club
cure,curar
stout,cerveza negra
missed,omitido
gracious,Cortés
include,incluir
flood,inundación
satisfy,satisfacer
agony,agonía
respects,saludos
ventured,aventurado
implied,implícito
Maria,María
stupid,tonto
seas,mares
Spaniards,Español
grain,grano
enjoyment,disfrute
wearing,usando
indifference,indiferencia
conceal,encubrir
horizon,horizonte
pleasures,placeres
therein,en esto
precisely,precisamente
Canada,Canadá
day's,días
assume,asumir
registered,registrado
estimate,estimar
steep,empinado
route,ruta
gardens,jardines
visitor,visitante
closer,cerca
harmony,armonía
non,no
thunder,trueno
wire,cable
graceful,agraciado
crept,arrastrarse
Greece,Grecia
childhood,infancia
knee,rodilla
saddle,sillín
supplies,suministros
weeping,llanto
mostly,principalmente
paragraphs,párrafos
unconscious,inconsciente
mutual,mutual
scorn,desdén
grows,crece
external,externo
agents,agentes
software,software
institutions,instituciones
losing,perdiendo
universe,universo
clock,reloj
attempts,intentos
instruction,instrucción
injury,lesión
roots,raíces
receipt,recibo
jumped,saltó
dearest,más querido
sore,doloroso
earliest,más temprano
finest,mejor
enable,habilitar
discipline,disciplina
motives,motivos
fastened,pegado
introduction,Introducción
converted,convertido
wilderness,desierto
confused,confundido
fancied,imaginado
offices,consultas
slip,deslizar
revolution,revolución
wedding,boda
girl's,muchachas
farmer,granjero
silently,silenciosamente
fires,incendios
wept,llorar
behalf,beneficio
reckon,contar
responded,respondido
uncertain,incierto
neglected,descuidado
stroke,carrera
exquisite,Exquisito
dirty,sucio
rolling,laminación
platform,plataforma
messenger,Mensajero
privilege,privilegio
admirable,admirable
offers,oferta
mischief,Travesura
physician,médico
imposed,impuso
organized,organizado
covering,cubierta
student,alumno
daring,atrevido
cave,cueva
wars,guerra
convey,transmitir
he'll,infierno
sincere,sincero
tradition,tradicion
gravely,gravemente
combined,conjunto
gallant,galante
sensation,sensación
travelling,de viaje
charges,cargos
submit,enviar
tragedy,tragedia
specific,específico
commander,comandante
inn,Posada
stiff,tieso
accompany,acompañar
score,puntaje
virgin,virgen
farewell,despedida
paradise,paraíso
villages,aldeas
hunger,hambre
trembled,tembloroso
favorite,favorito
criticism,crítica
proprietary,propiedad
cotton,algodón
Ruth,Piedad
hospital,hospital
restrictions,restricciones
outward,exterior
impressed,impresionado
blows,golpes
plains,llanuras
flashed,parpadeado
rent,renta
prey,presa
longing,nostalgia
musical,musical
satisfactory,satisfactorio
ridiculous,ridículo
sheet,sábana
disgrace,desgracia
colored,de colores
shouldn't,no debería
originally,originalmente
Samuel,Samuel
wages,salarios
papa,papá
gas,gas
inevitable,inevitable
extensive,extenso
leisure,ocio
deadly,mortal
chin,barbilla
claimed,reclamado
glow,resplandor
husband's,marido
emotions,emociones
Adam,Adán
jealousy,celos
leaf,hoja
publication,publicación
Englishman,inglés
Allah,Alá
Jones,Jones
hostile,hostil
wandered,vagabundeado
railway,ferrocarril
translation,traducción
procession,procesión
betrayed,traicionado
pound,libra
admired,estimado
elected,elegido
Pierre,Pierre
sunk,hundido
ruins,restos
eastern,oriental
roses,rosas
reminded,recordado
deceived,engañado
tables,mesas
beach,playa
starting,comenzando
funeral,funeral
arrested,detenido
flour,harina
feature,rasgo
correspondence,correspondencia
consisted,consistido
counted,contado
reserve,reserva
proceedings,actas
roar,rugido
romantic,romántico
twenty-five,veinticinco
hut,cabaña
strangely,extrañamente
absorbed,absorbido
propose,proponer
seats,asientos
bark,ladrar
reception,recepción
pleasing,agradable
attained,alcanzado
wake,despertarse
research,investigar
prayed,rezado
monarch,monarca
clothing,ropa
dollar,dólar
illness,enfermedad
calmly,tranquilamente
obeyed,obedecido
heartily,sinceramente
pressing,prensado
daylight,luz
warriors,guerreros
jest,broma
abruptly,abruptamente
washed,lavado
comment,comentario
metal,metal
preparations,preparativos
nerves,nervios
solution,solución
pretended,fingido
sixteen,dieciséis
assembly,asamblea
tobacco,tabaco
entity,entidad
dwelling,vivienda
depart,salir
swung,balancearse
bitterly,amargamente
alteration,modificación
colony,colonia
disclaimers,renuncias
wing,ala
peaceful,pacífico
lion,león
opportunities,oportunidades
alarmed,alarmado
furnish,amoblar
resting,de descanso
accused,acusado
culture,cultura
writings,escritos
dwelt,habitante
conquered,conquistado
trick,truco
trusted,de confianza
column,columna
financial,financiero
cunning,astucia
preparation,preparación
joke,broma
entertained,entretenido
mist,neblina
hypertext,hipertexto
shell,caparazón
medicine,medicamento
proofread,corregir
nest,nido
reverence,reverencia
situated,situado
yielded,cedido
conceive,concebir
appointment,cita
lessons,lecciones
fetch,buscar
tomb,tumba
candle,vela
offence,ofensa
coarse,grueso
heap,montón
mixture,mezcla
homes,casas
model,modelo
men's,de los hombres
defect,defecto
destined,destinado
occasional,ocasional
fourteen,catorce
hint,insinuación
knights,caballeros
solicit,solicitar
dreamed,soñado
objection,objeción
craft,artesanía
acid,ácido
namely,a saber
Asia,Asia
neglect,negligencia
data,datos
weapon,arma
confessed,confesado
arrangements,preparativos
repose,reposo
complying,cumplimiento
copied,copiado
pink,rosado
user,usuario
heels,tacones
grandfather,abuelo
other's,otros
income,ingreso
i.e.,es decir.
regards,Saludos
vigorous,vigoroso
accepting,aceptación
bishop,obispo
lightning,relámpago
authors,autores
flames,llamas
observations,observaciones
compressed,comprimido
sport,deporte
powder,polvo
beds,camas
orange,naranja
painting,cuadro
shout,grito
Austria,Austria
bath,bañera
careless,descuidado
chap,cap
derivative,derivado
roused,despertado
primitive,primitivo
doorway,puerta
climbed,trepado
volumes,volúmenes
vulgar,vulgar
arguments,argumentos
1st,Primero
sunset,puesta de sol
convenient,conveniente
mail,correo
recalled,retirado
wrapped,envuelto
abode,morada
planted,plantado
paint,pintar
surrender,Rendición
mild,templado
promptly,prontamente
appearing,que aparece
department,Departamento
parish,parroquia
Stephen,Stephen
nay,no
lit,iluminado
handkerchief,pañuelo
basket,cesta
easier,más fácil
deserve,merecer
quit,abandonar
assurance,garantía
mirror,espejo
plot,gráfico
yer,tu
upward,hacia arriba
sadly,desafortunadamente
secretary,secretario
adding,suplente
modest,modesto
dish,plato
cares,cuidados
straw,Paja
net,red
advised,aconsejado
heavenly,celestial
largest,más grande
proceeding,proceder
impatient,impaciente
wounds,heridas
warmth,calor
certainty,certeza
restless,inquieto
meantime,mientras tanto
rays,rayos
salvation,salvación
lovers,amantes
experiment,experimento
shores,costas
today,Este Dia
tremendous,enorme
afforded,permitido
moonlight,luz de la luna
intend,pretender
California,California
cultivated,cultivado
flushed,enjuagado
Shakespeare,Shakespeare
newspapers,periódicos
rocky,rocoso
pious,piadoso
wont,no
steam,vapor
improvement,mejora
garments,vestidos
Ned,Ned
treasury,tesorería
merchants,comerciantes
perpetual,perpetuo
trained,entrenado
products,productos
affectionate,cariñoso
dispute,disputar
visitors,visitantes
poison,veneno
proposition,proposición
maybe,quizás
rifle,rifle
warned,prevenido
parting,de despedida
shield,escudo
erected,erigido
employ,emplear
prevailed,prevalecido
talent,talento
rises,subida
climate,climatizado
chairs,sillas
searched,buscado
unlike,diferente a
recover,recuperar
mate,compañero
arrange,arreglar
fortunes,fortunas
puzzled,perplejo
committee,comité
aged,Envejecido
Ohio,Ohio
ashes,cenizas
ghost,fantasma
b,b
promises,promesas
bushes,arbustos
effective,eficaz
distinguish,distinguir
manifest,manifiesto
comparatively,relativamente
esteem,estima
blew,sopló
revelation,revelación
wash,lavar
recognition,reconocimiento
confession,confesión
clay,arcilla
nonsense,disparates
trunk,tronco
management,administración
undoubtedly,indudablemente
dried,seco
Dorothy,Dorothy
chiefs,jefe
coal,carbón
stolen,robado
earthly,terrenal
restore,restaurar
indirectly,indirectamente
lasted,durado
selfish,egoísta
renewed,renovado
canoe,canoa
protest,protesta
vice,vicio
races,Razas
deemed,considerado
temporary,temporario
pile,montón
Frederick,Frederick
chapel,capilla
moderate,moderado
spell,deletrear
Massachusetts,Massachusetts
upright,vertical
quoted,citado
area,área
bone,hueso
solitude,soledad
instruments,instrumentos
formal,formal
students,estudiantes
greatness,grandeza
struggling,luchando
Monday,Lunes
reproach,reproche
altered,alterado
grim,severo
leaped,salto
Venice,Venecia
federal,federal
questioned,cuestionado
editor,editor
desirable,deseable
acknowledge,reconocer
motionless,inmóvil
remedy,recurso
bestowed,otorgado
pursue,buscar
representative,representante
pole,polo
gladly,con alegría
linen,lino
vital,vital
sink,pileta
pacific,Pacífico
hopeless,desesperanzado
dangers,peligro
gratefully,con agradecimiento
president,presidente
travelled,viajado
ward,pabellón
nephew,sobrino
ms,milisegundo
cheer,alegría
bloody,sangriento
siege,cerco
commands,comandos
justified,justificado
Atlantic,atlántico
stomach,estómago
improved,mejorado
admire,admirar
openly,abiertamente
sailors,marineros
abide,cumplir
advancing,avanzado
forests,bosques
records,registros
Polly,Polly
modification,modificación
dramatic,dramático
statements,declaraciones
upstairs,piso superior
varied,variado
letting,dejado
Wilson,Wilson
comrades,camaradas
sets,sets
descent,descendencia
whither,Adónde
envy,envidiar
load,carga
pretend,fingir
folded,doblada
brass,latón
internal,interno
furious,furioso
curtain,cortina
healthy,saludable
obscure,oscuro
summit,cumbre
alas,Pobre de mí
fifth,quinto
center,centro
faced,enfrentado
cheap,barato
saints,santos
colonel,coronel
Egyptian,egipcio
contest,concurso
owned,propietario
adventures,aventuras
exclusion,exclusión
seize,confiscar
chances,posibilidades
springs,muelles
alter,alterar
fence,valla
leagues,leguas
glimpse,vistazo
statue,estatua
contract,contrato
luxury,lujo
artillery,artillería
doubts,dudas
saving,ahorro
fro,de allí
string,cuerda
combination,combinación
awakened,despierto
faded,desteñido
arrest,arrestar
protected,protegido
temperature,la temperatura
strict,estricto
contented,contento
professional,profesional
intent,intención
brother's,hermano
injured,herido
neighborhood,vecindario
Andrew,Andrés
abundance,abundancia
smoking,de fumar
yourselves,ustedes mismos
medical,médico
garrison,guarnición
likes,gustos
corps,cuerpo
heroic,heroico
inform,informar
wife's,de la esposa
retained,retenido
agitation,agitación
nobles,nobles
prominent,prominente
institution,institución
judged,juzgado
embrace,abrazar
wheels,ruedas
closing,clausura
damaged,dañado
pack,paquete
affections,afecto
eldest,el mayor
anguish,angustia
surrounding,rodeando
obviously,obviamente
strictly,estrictamente
capture,captura
drops,gotas
inquire,preguntar
ample,amplio
remainder,resto
justly,justamente
recollection,recuerdo
deer,ciervo
answers,respuestas
bedroom,dormitorio
purely,puramente
bush,arbusto
plunged,hundido
thyself,ti mismo
joint,articulación
refer,referirse
expecting,esperanza
madam,señora
railroad,ferrocarril
spake,expresar
respecting,respecto a
Jan,Ene
columns,columnas
weep,llorar
identify,identificar
discharge,descarga
bench,mesa de trabajo
Ralph,Ralph
heir,heredero
oak,roble
rescue,rescate
limit,límite
unpleasant,desagradable
anxiously,ansiosamente
innocence,inocencia
awoke,despertar
expectation,expectativa
incomplete,incompleto
program,programa
reserved,reservado
secretly,secretamente
we've,tenemos
invention,invención
faults,fallas
disagreeable,desagradable
piano,piano
defeated,derrotado
charms,hechizas
purse,cartera
persuade,persuadir
deprived,privado
electric,eléctrico
endless,sin fin
interval,intervalo
chase,perseguir
heroes,héroes
invisible,invisible
well-known,bien conocido
occupy,ocupar
Jacob,Jacob
gown,vestido
cruelty,crueldad
lock,cerrar
lowest,el más bajo
hesitation,vacilación
withdrew,retirarse
proposal,propuesta
destiny,destino
commons,los comunes
foul,falta
loaded,cargado
amidst,en medio de
titles,títulos
ancestors,ancestros
types,tipos
commanding,dominante
madness,Locura
happily,felizmente
assigned,asignado
declined,rechazado
temptation,tentación
lady's,dama
subsequent,subsecuente
jewels,joyas
breathed,respirado
willingly,de buena gana
youthful,juvenil
bells,campanas
spectacle,espectáculo
uneasy,difícil
shine,brillar
formidable,formidable
stately,majestuoso
machinery,maquinaria
fragments,fragmentos
rushing,apresurado
attractive,atractivo
product,producto
economic,económico
sickness,enfermedad
uses,usos
dashed,discontinuos
engine,motor
ashore,en tierra
dates,fechas
theirs,suyo
adv,adv
clasped,abrochado
international,internacional
leather,cuero
spared,salido
crushed,aplastada
interfere,interferir
subtle,sutil
waved,ondulado
slope,Pendiente
floating,flotante
worry,preocuparse
effected,afectado
passengers,pasajeros
violently,violentamente
donation,donación
steamer,buque de vapor
witnesses,testigos
Word,Palabra
specified,especificado
learnt,aprendió
stores,historias
designed,diseñado
guessed,adivinado
roger,roger
timber,madera
talents,talentos
heed,atención
Jackson,Jackson
murdered,asesinado
vivid,vívido
woe,aflicción
calculate,calcular
killing,asesinato
Laura,Laura
savages,salvaje
wasted,desperdiciado
trifle,nimiedad
funny,gracioso
pockets,bolsillos
philosopher,filósofo
insult,insulto
den,guarida
representation,representación
incapable,incapaz
eloquence,elocuencia
dine,cenar
temples,templos
Ann,Ana
sensitive,sensible
robin,Robin
appetite,apetito
wishing,deseando
picturesque,pintoresco
Douglas,Douglas
courtesy,cortesía
flowing,fluido
remembrance,remembranza
lawyers,abogados
sphere,esfera
murmur,murmullo
elegant,elegante
honourable,honorable
stopping,parada
guilt,culpa
welfare,bienestar
avoided,evitado
fishing,pescar
perish,perecer
sober,sobrio
steal,robar
delicious,delicioso
infant,niño
lip,labio
offended,ofendido
dost,dost
memories,recuerdos
wheat,trigo
Japanese,japonés
humor,humor
exhibited,exhibido
encounter,encontrar
footsteps,pasos
marquis,marqués
smiles,sonreír
amiable,amable
twilight,crepúsculo
arrows,flechas
consisting,constante
park,parque
retire,retirarse
economy,economía
sufferings,sufrimientos
secrets,misterios
na,n / A
halted,detenido
govern,regir
favourable,favorable
colors,colores
translated,traducido
stretch,tramo
formation,formación
immortal,inmortal
gallery,galería
parallel,paralela
lean,inclinarse
tempted,tentado
frontier,frontera
continent,continente
knock,golpear
impatience,impaciencia
unity,unidad
dealing,relación comercial
prohibition,prohibición
decent,decente
fiery,ardiente
images,imágenes
tie,Corbata
punished,castigado
submitted,presentada
Julia,Julia
Albert,Albert
rejoined,reincorporado
speedily,rápidamente
consented,consentido
major,importante
preliminary,preliminar
cell,célula
void,vacío
placing,colocación
prudence,prudencia
egg,huevo
amazement,asombro
border,borde
artificial,artificial
hereafter,lo sucesivo
fanny,coño
crimes,crímenes
breathe,respirar
exempt,eximir
Chicago,Chicago
sits,stits
purchased,comprado
eminent,eminente
neighbors,vecinos
glowing,brillante
examples,ejemplos
exercised,ejercido
wealthy,saludable
seeming,aparente
Bonaparte,Bonaparte
shouting,gritos
thanked,agradecido
illustrious,ilustre
curiously,curiosamente
inspiration,inspiración
seeds,semillas
naval,naval
foes,enemigos
everyone,todo el mundo
longed,anhelo
abundant,abundante
doubted,dudado
painter,pintor
greeted,saludado
erect,erguido
glasses,lentes
meanwhile,Entretanto
shooting,tiroteo
Athens,Atenas
wagon,vagón
lend,prestar
lent,prestado
crisis,crisis
undertake,emprender
particulars,informe detallado
eh,eh
veins,venas
polite,educado
Anna,Anna
experiences,experiencias
seal,sello
header,encabezamiento
clergy,clero
mount,montar
array,formación
corners,rincones
magazine,revista
loudly,ruidosamente
bitterness,amargura
Texas,Texas
guardian,guardián
searching,buscando
rejected,rechazado
harsh,duro
includes,incluir
boldly,valientemente
Maurice,Maurice
Kate,Kate
lunch,comida
pine,pino
shells,cáscara
seconds,segundos
despite,A pesar de
hoping,esperando
injustice,injusticia
expressions,expresiones
flies,moscas
push,empujar
tight,apretado
problems,problemas
sue,demandar
protested,protestado
scarlet,escarlata
abandon,abandonar
artistic,artístico
mainly,principalmente
measured,Medido
loyal,leal
boiling,hirviendo
desirous,deseoso
suited,adecuado
alliance,Alianza
advise,consejo
waist,cintura
sinking,hundimiento
stable,estable
gregory,Gregory
maximum,máximo
commit,comprometerse
hideous,horrible
hamilton,hamilton
sweetness,dulzura
dismissed,despedido
tore,desgarrado
affect,afectar
shaken,agitado
evils,males
unworthy,indigno de
significance,significado
modified,modificado
miracle,milagro
lieu,lugar
peasant,campesino
considerably,importantemente
observing,observación
conveyed,transportada
resemblance,semejanza
extend,extender
riches,riqueza
personally,personalmente
morality,moralidad
rebellion,rebelión
thread,hilo
dumb,mudo
inclination,inclinación
forbidden,prohibido
copper,cobre
differences,diferencias
sailor,marinero
requested,solicitado
Alfred,Alfredo
response,respuesta
promoting,promoviendo
imperial,imperial
blank,vacío
purity,pureza
victor,Víctor
bending,flexión
solemnly,solemnemente
twenty-four,veinticuatro
minor,menor
del,dele
crimson,carmesí
republic,república
teachers,maestros
ma'am,señora
danced,danzado
bargain,negociar
dealt,tratado
fatigue,fatiga
telephone,teléfono
cents,centavos
whip,látigo
Adams,Adams
dislike,disgusto
witnessed,presenciado
infantry,infantería
acres,hectáreas
checked,comprobado
countrymen,compatriota
enemy's,enemigo
companies,compañías
shirt,camisa
addresses,direcciones
introduce,introducir
sofa,sofá
mothers,madres
sweep,barrer
conversion,conversión
sketch,bosquejo
African,africano
deserved,merecido
answering,respuesta
virtuous,virtuoso
Persian,persa
anyway,de todos modos
thief,ladrón
driver,conductor
retain,retener
constructed,construido
Daniel,Daniel
UT,Utah
Philadelphia,Filadelfia
conspicuous,conspicuo
channel,canal
nobility,nobleza
Edith,Edith
Berlin,Berlina
editing,edición
Cambridge,Cambridge
declaration,declaración
guards,guardia
personality,personalidad
smallest,pequeñísimo
excess,exceso
separation,separación
disgust,asco
ha,decir ah
accomplish,realizar
speeches,discursos
Herbert,Herbert
convent,convento
rightly,correctamente
suspended,suspendido
reform,reforma
mob,multitud
thirst,sed
unnecessary,innecesario
treasures,tesoros
asks,solicita
viewed,visto
designs,diseños
gleam,destello
threatening,amenazante
palm,palmera
Missouri,Misuri
filling,relleno
quoth,dicho de una cosa
fur,pelaje
fortnight,quincena
holes,agujeros
addressing,direccionamiento
frightful,espantoso
encourage,alentar
speaker,altavoz
tribute,tributo
procure,obtener
frankly,francamente
recommended,recomendado
relieve,relevar
intentions,intenciones
unjust,injusto
legislation,legislación
project,proyecto
threshold,límite
merits,mérito
morrow,día siguiente
traces,rastros
induce,inducir
spear,lanza
inward,interior
pupils,alumnos
corresponding,correspondiente
fairy,hada
conclude,concluir
clung,aferrado
lucky,afortunado
lap,vuelta
session,sesión
torture,tortura
damp,húmedo
ridge,cresta
spoil,arruinar
liable,responsable
swords,espadas
hearty,abundante
BC,antes de Cristo
Abraham,Abrahán
thoughtful,reflexivo
traveller,viajero
chains,cadenas
favorable,favorable
tin,estaño
imp.,diablillo.
strongest,el más fuerte
Horace,Horacio
dependent,dependiente
couch,sofá
bills,facturas
warrant,orden
complaint,queja
endeavour,empeño
sails,paño
dined,cenado
convention,convención
guarded,guardado
angle,ángulo
widely,ampliamente
Illinois,Illinois
Charlotte,Charlotte
endeavoured,esforzado
ardent,ardiente
cow,vaca
mill,molino
victims,víctimas
prejudice,prejuicio
foremost,principal
map,mapa
probability,probabilidad
porch,porche
lieutenant,teniente
surprising,sorprendente
fountain,fuente
sustained,sostenido
appropriate,adecuado
Ford,Vado
Clara,Clara
assisted,asistido
Lewis,Luis
rejoice,alegrarse
extending,extensión
marvellous,maravilloso
clothed,vestido
Jew,judío
collar,cuello
bands,bandas
confident,confidente
hasty,apresurado
nigh,cerca
organ,Organo
prose,prosa
privileges,privilegios
selection,selección
inquiries,consultas
codes,códigos
replace,reemplazar
saint,Smo
districts,distritos
deliberately,deliberadamente
awe,temor
beforehand,antemano
strife,lucha
released,liberado
compare,comparar
beer,cerveza
retorted,replantado
relate,relatar
cheerfully,alegremente
pistol,pistola
presume,presumir
velvet,terciopelo
wretch,desgraciado
Susan,Susan
Pennsylvania,Pensilvania
stirring,emocionante
missing,perdido
fain,faín
facing,frente a
fashionable,de moda
producing,productor
peoples,pueblo
positively,afirmativamente
reasoning,razonamiento
gravity,gravedad
disturb,alterar
sermon,sermón
exchanged,intercambiado
partner,compañero
brains,sesos
lowered,bajado
association,asociación
estates,fincas
flock,rebaño
niece,sobrina
languages,lengua
asserted,afirmado
bodily,corporal
notions,nociones
Oliver,Oliver
faculty,facultad
cannon,cañón
thirteen,trece
sailing,navegación
rings,anillos
smart,inteligente
possessions,posesiones
disciples,discípulos
petty,insignificante
widest,más ancho
divisions,divisiones
prudent,prudente
caution,precaución
justify,justificar
awhile,Un rato
boxes,cajas
manuscript,manuscrito
cigar,cigarro
warrior,guerrero
impressions,impresiones
aught,algo
lifting,levantamiento
inaccurate,incorrecto
tidings,noticias
Friday,Viernes
liquid,líquido
staying,estancia
concept,concepto
creek,Riachuelo
lo,holgazanería
brush,cepillo
download,descargar
specially,especialmente
cream,crema
meetings,reuniones
jump,salto
unwilling,reacio
adapted,adaptado
practised,experto
combat,combate
subdued,sometido
Jewish,judío
innumerable,innumerable
blowing,soplo
extra,extra
civilized,civilizado
invented,inventado
Japan,Japón
pitch,tono
cliff,acantilado
crowned,coronado
portions,porciones
awkward,incómodo
horrid,horrible
pulling,tracción
appreciate,valorar
communicated,comunicado
Kentucky,Kentucky
jury,jurado
encountered,encontrado
attacks,ataques
monster,monstruo
Simon,Simón
maintaining,mantenimiento
sites,sitios
frozen,congelado
invariably,invariablemente
dies,matrices
survive,sobrevivir
literally,literalmente
consolation,consuelo
m,metro
phenomena,fenómenos
pot,maceta
Ellen,Ellen
briefly,brevemente
rice,arroz
planned,planificado
Barbara,Bárbara
respected,respetado
sublime,sublime
dropping,goteante
guy,tipo
behaviour,comportamiento
desolate,solitario
penny,centavo
adopt,adoptar
replaced,sustituido
revenue,ingresos
formats,formatos
hired,contratado
regularly,regularmente
infringement,infracción
curtains,cortinas
eagerness,afán
helping,Ayudar
investigation,investigación
constitutional,constitucional
insist,insistir
occurs,ocurre
fools,tontos
inheritance,herencia
latest,más reciente
leap,salto
games,juegos
apple,manzana
visiting,visitando
travellers,viajeros
experiments,experimentos
hasn't,no
enjoying,disfrutando
totally,totalmente
twisted,retorcido
discuss,conversar
firing,disparo
background,antecedentes
subscribe,suscribir
tenderly,con ternura
transcribe,transcribir
descend,descender
differ,diferir de
majesty's,majestad
avail,aprovechar
disaster,desastre
bet,apuesta
periodic,periódico
bull,toro
entertainment,entretenimiento
computers,ordenadores
cursed,maldito
raw,crudo
fulfilled,cumplido
Georgia,Georgia
virus,virus
log,Iniciar sesión
skies,cielo
scotch,escocés
embraced,abrazado
hospitality,hospitalidad
faintly,poco
Solomon,Solomón
robbed,robado
cart,carro
influences,influencias
ascended,ascendido
incidents,incidentes
childish,infantil
robe,túnica
aboard,a bordo
resembling,parecido a
reflect,reflejar
dominion,dominio
dreary,triste
serving,servicio
complexion,tez
tents,carpas
herd,rebaño
attain,alcanzar
collect,recoger
disclaims,renuncia
pan,sartén
relatives,parientes
borrowed,prestado
convert,convertir
outline,contorno
blown,estropeado
comprehend,comprender
peasants,campesinos
opera,ópera
assault,agresión
deceive,engañar
doctrines,doctrinas
representatives,representantes
dedicated,dedicado
struggled,luchado
officials,funcionarios
hiding,ocultación
paths,caminos
backs,espalda
prominently,prominentemente
prices,precios
procured,adquirido
mourning,luto
compliment,cumplido
heights,altura
approval,aprobación
gasped,jadeó
breadth,amplitud
withdraw,retirar
tune,melodía
compassion,compasión
polished,pulido
latitude,latitud
dishes,platos
parent,padre
contrived,artificial
delicacy,delicadeza
projected,proyectado
akin,parecido
f,F
betray,traicionar
traced,rastreado
resentment,resentimiento
indemnify,indemnizar
pseud,intelectualoide
sacrifices,sacrificio
disguise,ocultar
transcription,transcripción
document,documento
neighbour,Vecino
squire,escudero
punish,castigar
bars,barras
glittering,reluciente
tossed,revuelto
block,bloquear
lots,un montón
worldly,mundano
muscles,músculos
elbow,codo
obligation,obligación
trifling,insignificante
decline,rechazar
attachment,archivo adjunto
ambitious,ambicioso
filename,Nombre del archivo
artists,artistas
bloom,florecer
holiday,fiesta
brute,bruto
repair,reparar
fist,puño
recollect,recordar
eagle,águila
honorable,honorable
significant,importante
barren,estéril
functions,funciones
guided,guiado
dense,denso
fiction,ficción
viz.,verbigracia.
adds,agrega
rows,hilera
recommend,recomendar
suspicious,sospechoso
resulting,resultante
seventy,setenta
shillings,chelines
educational,educativo
duly,debidamente
governed,gobernado
scripture,Sagrada Escritura
upwards,hacia arriba
sworn,jurado
Nicholas,Nicholas
horn,bocina
brook,arroyo
fund,fondo
Vienna,Viena
lodge,presentar
infinitely,infinitamente
clergyman,clérigo
marshal,mariscal
ruled,gobernado
fiercely,ferozmente
Portuguese,portugués
costume,disfraz
pit,fosa
disorder,trastorno
sheer,escarpado
exalted,exaltado
fare,tarifa
applause,aplausos
Chaucer,Chocer
remind,recordar
binary,binario
packed,lleno
pillow,almohada
jersey,jersey
abbey,abadía
nowhere,en ningún lugar
anyhow,de todos modos
agitated,agitado
marching,de marcha
catching,atrapando
el,El
grasped,agarrado
arrow,flecha
tend,tender
carved,tallado
fitting,adecuado
bonds,cautiverio
instructed,instruido
elaborate,elaborar
corpse,cadáver
bewildered,desconcertado
essence,esencia
positions,posición
Emily,Emily
edited,editado
continues,continúa
Harold,Harold
elevation,elevación
realm,reino
debts,deudas
glancing,mirada
shops,tiendas
complained,quejado
loyalty,lealtad
coin,moneda
clad,revestido
staircase,escalera
documents,documentos
interpreted,interpretado
4th,Cuarto
extremity,extremidad
accord,acuerdo
sally,salida
lace,cordón
tremble,temblar
exile,exilio
gospel,evangelio
mechanical,mecánico
successfully,exitosamente
scholar,erudito
wonders,maravillas
Arab,árabe
temperament,temperamento
expressing,expreso
Fred,Fred
trap,trampa
spots,lugares
awaiting,en espera
potatoes,patatas
likeness,semejanza
harbour,puerto
proofs,pruebas
jolly,alegre
contributed,aportado
wits,ingenio
generosity,generosidad
ruler,gobernante
Lawrence,Lawrence
cake,pastel
lamps,lámparas
crazy,loca
sincerity,sinceridad
entertain,entretener
madame,señora
sir,señor
faculties,facultades
hesitate,dudar
deepest,más profundo
seventeen,de diecisiete
lordship,señorío
greeting,saludo
feminine,femenino
monstrous,monstruoso
tongues,lengua
barely,apenas
3d,3D
mansion,mansión
facility,instalaciones
praised,alabado
warranties,garantías
Sarah,Sarah
happier,más feliz
indicating,indicador
rob,robar
gigantic,gigantesco
honey,miel
ladder,escalera
ending,finalizando
Wales,Gales
swallowed,tragado
sunny,soleado
knelt,arrojar
tyranny,tiranía
decree,decreto
stake,apostar
divide,dividir
dreaming,soñador
proclaimed,proclamado
dignified,digno
tread,huella
mines,minas
viewing,visita
defense,defensa
oldest,más antiguo
incredible,increíble
bidding,ofertas
brick,ladrillo
arch,arco
everlasting,eterno
elect,electo
sprung,de muelles
harder,más difícil
winding,devanado
deductible,deducible
magistrate,magistrado
respective,respectivo
liquor,espíritu
imitation,imitación
shy,tímido
perished,perecido
prime,principal
studying,estudiando
Hebrew,hebreo
unfortunately,desafortunadamente
licensed,con licencia
fog,niebla
coloured,de colores
bits,brocas
consult,consultar
moves,movimientos
r,riñonal
warn,advertir
Taylor,Taylor
vile,vil
depended,dependido
Phil,Phil
legend,leyenda
locations,ubicación
shallow,poco profundo
doom,condenar
dreaded,temido
encouragement,ánimo
impatiently,Impacientemente
scent,aroma
varieties,variedades
irregular,irregular
battles,batallas
compass,Brújula
neighbouring,vecino
bliss,felicidad
harvest,cosecha
promotion,promoción
stove,estufa
faithfully,fielmente
Anthony,Antonio
excellence,excelencia
transfer,transferir
awaited,esperado
heathen,pagano
poetic,poético
consulted,consultado
illustrated,ilustrado
Gilbert,Gilbert
br,BR
fundamental,fundamental
bundle,paquete
rebel,rebelde
cultivation,cultivo
joys,alegría
rigid,rígido
tragic,trágico
review,revisión
representing,representante
flowed,fluido
brows,cejas
whereupon,después de lo cual
terribly,terriblemente
melted,Derretido
venerable,venerable
towers,torres
cooking,Cocinando
mustn't,no
suspicions,sospecha
old-fashioned,Anticuado
oppressed,oprimido
Australia,Australia
friend's,amigos
revolt,revuelta
swell,hinchar
improve,mejorar
Williams,Williams
describes,descripción
goddess,diosa
wreck,naufragio
Tennessee,Tennesse
convince,convencer
sentences,oraciones
bowl,cuenco
radiant,radiante
Prussia,Prusia
westward,hacia el oeste
indignant,indignado
refined,refinado
unseen,invisible
illustration,ilustración
pertaining,perteneciente
swamp,pantano
Austrian,austriaco
Saxon,sajón
congregation,congregación
nerve,nervio
undertaking,empresa
disclaimer,Descargo de responsabilidad
characteristics,características
stare,mirar fijamente
specimens,especímenes
ascertain,cerciorarse
pledge,promesa
earn,ganar
warfare,guerra
supposing,suponiendo que
subsequently,después
attending,asistiendo
angrily,furiosamente
select,Seleccione
animated,animado
industrial,industrial
hurriedly,apresuradamente
manhood,virilidad
quantities,cantidades
interpretation,interpretación
